Platform,Account_Number,Username,Email,Password,Phone_Number,Recovery_Email,Created_Date,Status,Karma_Followers,Last_Active,Notes
Reddit,1,PropertyInvestor2026,dhrub+reddit1@gmail.com,CHANGE_ME,none,dhrub@gmail.com,2026-01-15,active,0,2026-01-15,New account - building karma
Reddit,2,RealEstateGuru24,dhrub+reddit2@gmail.com,CHANGE_ME,none,dhrub@gmail.com,2026-01-15,active,0,2026-01-15,New account - building karma
Reddit,3,InvestmentJane,dhrub+reddit3@gmail.com,CHANGE_ME,none,dhrub@gmail.com,2026-01-15,active,0,2026-01-15,New account - building karma
Twitter,1,@PropInvest2026,dhrub+twitter1@gmail.com,CHANGE_ME,+61XXXXXXXXX,dhrub@gmail.com,2026-01-15,active,0,2026-01-15,Primary account
Twitter,2,@RealEstateJohn,dhrub+twitter2@gmail.com,CHANGE_ME,+61XXXXXXXXX,dhrub@gmail.com,2026-01-15,active,0,2026-01-15,Secondary account
LinkedIn,1,Your Real Name,dhrub@gmail.com,CHANGE_ME,+61XXXXXXXXX,none,2026-01-15,active,500,2026-01-15,Primary personal account
Facebook,1,John Smith,dhrub+fb1@gmail.com,CHANGE_ME,+61XXXXXXXXX,dhrub@gmail.com,2026-01-15,active,0,2026-01-15,Joined 5 property groups
Instagram,1,@property_investor_au,dhrub+ig1@gmail.com,CHANGE_ME,+61XXXXXXXXX,dhrub@gmail.com,2026-01-15,active,0,2026-01-15,Focus on property tips
TikTok,1,@propertyinvesting101,dhrub+tt1@gmail.com,CHANGE_ME,+61XXXXXXXXX,dhrub@gmail.com,2026-01-15,active,0,2026-01-15,Educational content
Medium,1,PropertyExpert,dhrub+medium1@gmail.com,CHANGE_ME,none,dhrub@gmail.com,2026-01-15,active,0,2026-01-15,SEO blog content
Quora,1,Investment Advisor,dhrub+quora1@gmail.com,CHANGE_ME,none,dhrub@gmail.com,2026-01-15,active,0,2026-01-15,Answer questions
